id,requirement,status,evidence,owner_action,automatable
site-01,The service offers online educational courses or lessons,confirmed compliant,Live and repository course pages describe browser-based online lessons and self-study materials.,Keep at least one genuinely available online product before activation.,yes
site-02,The site is the direct provider rather than an aggregator,confirmed compliant,"ChinaChild presents its own teachers, platform, licence, contract and application flow; offer CTAs do not send buyers to an aggregator.",Confirm provider status remains unchanged at submission.,partly
site-03,A valid legal entity or individual entrepreneur exists,likely compliant but needs owner verification,The site names ИП Толкачева Ирина Владимировна with INN and OGRNIP.,Owner must verify that the IP is active and every displayed registration detail is current.,no
site-04,The service and offers comply with Russian law,not verifiable from repository,Repository evidence cannot establish general legal compliance.,Owner or counsel must review current operations and offer terms.,no
site-05,Orders use the published terms or better terms,likely compliant but needs owner verification,The public treaty says the selected price and conditions are fixed at acceptance; course pages say price is fixed before start.,Owner must confirm real invoices and contracts never worsen the published terms.,no
site-06,The service contains no profanity,likely compliant but needs owner verification,No profanity was found in the inspected commercial and legal source paths; the repository has a much larger content corpus.,Review newly published and user-provided content before submission.,partly
site-07,The service is not a copy of another service,not verifiable from repository,Original source code and brand content are present but external originality cannot be proven from the repository.,Owner must confirm the service is not a duplicate storefront.,no
site-08,The service is localized for users in Russia,confirmed compliant,"Russian-language pages, RUR prices, Russian phone, legal terms and payment methods are present.",Keep offer terms valid for the selected Yandex region.,yes
site-09,The offer page lets the user place an order or application,confirmed compliant,All 3 enabled canonical offer pages have direct application CTAs and preserve the reviewed lead flow.,Test one real application immediately before submission without completing an unwanted paid order.,partly
site-10,Payment methods are stated on the site,confirmed compliant,"Public treaty section 8 states card, bank transfer, payment provider and instalment methods in Russian rubles.",Confirm the methods remain actually available.,yes
site-11,The service uses HTTPS,confirmed compliant,"Read-only production probes returned HTTPS 200 for the homepage, legal pages and all confirmed commercial routes.",Keep TLS and canonical origin monitoring active.,yes
site-12,The service works and contains no malware,not verifiable from repository,"Production pages returned 200, but malware and Webmaster security status require provider-side verification.",Check Yandex Webmaster Security and violations immediately before upload.,partly
site-13,Prices and purchase conditions are current and do not change after ordering,likely compliant but needs owner verification,All 3 enabled offers derive the visible and feed price of 17990 RUR from the shared package source; operational billing cannot be observed.,"Owner must reconcile the site, invoice templates and actual checkout or payment links.",partly
site-14,Every feed offer has a separate canonical page,confirmed compliant,"The 3 enabled offers use separate direct canonical pages: /courses/chinese-for-adults, /courses/chinese-for-kids, /courses/hsk-preparation.",Re-run the direct URL and canonical audit after deployment and before upload.,yes
site-15,Homepage and offer pages do not open additional popup windows,likely compliant but needs owner verification,Live checks found zero open lead dialogs; lead dialogs open only after a click. A non-modal cookie consent banner is initially visible.,Owner should ask Yandex support whether the required consent banner is acceptable for this moderation rule.,partly
site-16,Required IP name and OGRNIP are visible,confirmed compliant,"Full IP name, OGRNIP and legal address are visible in the footer and public treaty.",Keep the footer and treaty synchronized with current registration data.,yes
site-17,The published phone works and accepts calls,not verifiable from repository,"The phone is visible and linked, but no call was placed.",Owner must call +7 (495) 005-25-82 from an external phone before submission.,no
site-18,Required licence or confirming documents are visible,confirmed compliant,The licence route shows registration details and two document scans; the footer links to it.,Owner must verify licence validity in the official register.,partly
site-19,The service confirms a moderation order within three working hours,likely compliant but needs owner verification,The published application policy is daily 09:00–21:00 Moscow time with a normal 1–2 hour response in that period; night applications are handled from the next response period. Repository code cannot prove staffing or actual response time.,Verify monitored staffing and confirm that a moderation application received during 09:00–21:00 Moscow time can be handled within three working hours.,partly
feed-01,YML uses the current Education feed structure,confirmed compliant,"The generator emits yml_catalog, shop, currencies and offers; Education category IDs come only from the pinned unified rubricator, and unmodeled categories or sets are rejected by tests.",Keep tests aligned with Yandex Webmaster parser feedback and the current unified rubricator.,yes
feed-02,Shop name is no longer than 30 characters,confirmed compliant,Shop name is ChinaChild from the site configuration.,Do not replace it with an overlong label.,yes
feed-03,Shop URL and email are real production values,confirmed compliant,The generator uses https://chinachild.ru and info@chinachild.ru from site configuration.,Owner must continue monitoring the inbox.,yes
feed-04,Shop logo is a square PNG or SVG of at least 100 by 100 pixels,confirmed compliant,public/brand/logo.svg is a 150 by 150 square SVG and production returns image/svg+xml.,Keep the asset public and square.,yes
feed-05,RUR currency uses rate 1,confirmed compliant,The feed emits currency id RUR with rate 1.,Do not change currency without changing visible prices and region terms.,yes
feed-06,Every course uses an ID from the current official rubricator,confirmed compliant,"Pinned categories are 20006 Chinese under Languages and 10023 Chinese under School subjects, including their parents.",Re-download the official rubricator before future category changes.,yes
feed-07,Every enabled offer has a positive current price or positive monthly price from the canonical source,confirmed compliant,All 3 offers have monthly price 17990 RUR from lib/course-packages.ts; the feed uses price 0 only with this positive monthly price.,"Keep visible, contractual and feed pricing synchronized before submission.",yes
feed-08,"Every enabled offer has a valid duration with hour, day or month unit",confirmed compliant,All 3 offers have duration 1 month in the typed module source and feed.,Revalidate after any duration or package-scope change.,yes
feed-09,Every enabled offer has at least three real program stages,confirmed compliant,"All 3 offers have 4, 4, 4 reviewed, offer-specific stages backed by the canonical course content and curriculum evidence report.",Re-review the stage evidence before changing any curriculum title or scope.,yes
feed-10,Every program stage has a real positive hour allocation,confirmed compliant,"Each stage has 2 guided hours; each offer totals 8, 8, 8 guided hours across four stages and eight 60-minute lessons.",Keep stage hours synchronized with the real delivered module.,yes
feed-11,"Offer names, IDs and URLs are unique",confirmed compliant,"The 3 enabled offer IDs are unique and match the reviewed baseline: adult-individual-monthly-module, schoolchildren-12plus-individual-monthly-module, hsk-individual-monthly-module.",Keep offer IDs stable after provider submission.,yes
feed-12,Offer URLs are direct 200 production canonicals without redirects,confirmed compliant,"The enabled offers use the direct canonical paths /courses/chinese-for-adults, /courses/chinese-for-kids, /courses/hsk-preparation; the local production validator checks HTTP 200 with no redirect and exact production canonicals.",Repeat strict validation against the authorized production deployment before upload.,yes
feed-13,Feed and page price/currency are consistent,confirmed compliant,Feed monthly price 17990 RUR matches the shared package source and visible module terms on all 3 pages.,Re-run generation and validation after any pricing change.,yes
feed-14,Required offer descriptions are present and non-contradictory,confirmed compliant,"All 3 offers have non-empty typed descriptions consistent with their page audience, one-month scope and individual format.",Review descriptions together with visible page copy before submission.,yes
feed-15,Training format uses an allowed current value,confirmed compliant,All 3 offers use the allowed format value С преподавателем.,Revalidate if the delivery format or enrolment model changes.,yes
feed-16,Images in the feed are valid and supported,confirmed compliant,The required shop image is valid; no optional course images are emitted.,Add an offer image only if it is a public valid image consistent with Yandex requirements.,yes
feed-17,"Feed is public, unauthenticated, parseable and uses a supported XML Content-Type",confirmed compliant,"The App Router endpoint is public, force-static and returns application/xml; the local production validator checks the response and readiness header.",Verify the deployed response before provider upload.,yes
feed-18,Feed contains at least one eligible current offer,confirmed compliant,The feed contains 3 enabled eligible offers from the reviewed typed source.,Confirm all three products remain staffed and orderable on submission day.,yes
feed-19,Offer availability is current,not verifiable from repository,"Source pages advertise products, but live staffing and enrolment capacity are operational facts.",Owner must confirm each enabled product is actually orderable on submission day.,no
feed-20,Feed stays within Yandex size and count limits,confirmed compliant,"The 3-offer feed is far below the 200 MB, 30000-offer and image limits.",Continue reporting the offer count in strict validation.,yes
feed-21,Feed is accessible to Yandex crawler,confirmed compliant,robots.txt allows the site root and does not disallow the feed path.,Verify the deployed URL without authentication and without a redirect.,yes
feed-22,Feed is not duplicated across categories or subdomains,likely compliant but needs owner verification,No provider upload was performed and only one feed route is implemented in this repository.,Owner must confirm no equivalent feed is configured in Webmaster or on a subdomain.,no
